LastName,FirstName,DoB,GenderShort,NHSNo,PatientTrustID,SpecimenTrustID,DateReceived,SpecimenType,DateObtained,DNANo,Clinician,Address
LOREM,Ipsum,01/01/1999,F,999 999 999,999999:01,10/99999,01/01/2010,Blood,01/01/2010,99999,Lorem IPSUM,Genetics Clinic<br>7th Floor Borough Wing<br>Guy's Hospital<br>Great Maze Pond<br>London SE1 9RT
IPSUM,Lorem,01/01/1999,M,999 999 999,999999:01,10/99999,01/01/2010,Blood,01/01/2010,99999,Lorem IPSUM,Genetics Clinic<br>7th Floor Borough Wing<br>Guy's Hospital<br>Great Maze Pond<br>London SE1 9RT
LOREM,Ipsum,01/01/1999,F,999 999 999,999999:01,10/99999,01/01/2010,Blood,01/01/2010,99999,Lorem IPSUM,Genetics Clinic<br>7th Floor Borough Wing<br>Guy's Hospital<br>Great Maze Pond<br>London SE1 9RT
IPSUM,Lorem,01/01/1999,M,999 999 999,999999:01,10/99999,01/01/2010,Blood,01/01/2010,99999,Lorem IPSUM,Genetics Clinic<br>7th Floor Borough Wing<br>Guy's Hospital<br>Great Maze Pond<br>London SE1 9RT
LOREM,Ipsum,01/01/1999,F,999 999 999,999999:01,10/99999,01/01/2010,Blood,01/01/2010,99999,Lorem IPSUM,Genetics Clinic<br>7th Floor Borough Wing<br>Guy's Hospital<br>Great Maze Pond<br>London SE1 9RT
IPSUM,Lorem,01/01/1999,M,999 999 999,999999:01,10/99999,01/01/2010,Blood,01/01/2010,99999,Lorem IPSUM,Genetics Clinic<br>7th Floor Borough Wing<br>Guy's Hospital<br>Great Maze Pond<br>London SE1 9RT
LOREM,Ipsum,01/01/1999,F,999 999 999,999999:01,10/99999,01/01/2010,Blood,01/01/2010,99999,Lorem IPSUM,Genetics Clinic<br>7th Floor Borough Wing<br>Guy's Hospital<br>Great Maze Pond<br>London SE1 9RT
IPSUM,Lorem,01/01/1999,M,999 999 999,999999:01,10/99999,01/01/2010,Blood,01/01/2010,99999,Lorem IPSUM,Genetics Clinic<br>7th Floor Borough Wing<br>Guy's Hospital<br>Great Maze Pond<br>London SE1 9RT
IPSUM,Lorem,01/01/1999,M,999 999 999,999999:01,10/99999,01/01/2010,Blood,01/01/2010,99999,Lorem IPSUM,Genetics Clinic<br>7th Floor Borough Wing<br>Guy's Hospital<br>Great Maze Pond<br>London SE1 9RT
